{
  "project_info": {
    "project_number": "943683122387",
    "firebase_url": "https://myshows-e07ed.firebaseio.com",
    "project_id": "myshows-e07ed",
    "storage_bucket": "myshows-e07ed.appspot.com"
  },
  "client": [
    {
      "client_info": {
        "mobilesdk_app_id": "1:943683122387:android:26c24ee02ab7dd84",
        "android_client_info": {
          "package_name": "com.example.a_t_i.myshows"
        }
      },
      "oauth_client": [
        {
          "client_id": "943683122387-jonaplvmuv5bqlst5erq0ab6djrudtg0.apps.googleusercontent.com",
          "client_type": 1,
          "android_info": {
            "package_name": "com.example.a_t_i.myshows",
            "certificate_hash": "8eb7fadc955cee9683e5860d23d88f2b7bde3881"
          }
        },
        {
          "client_id": "943683122387-1avqgfcjep0mnk70ehc42pm3dh3mick6.apps.googleusercontent.com",
          "client_type": 3
        }
      ],
      "api_key": [
        {
          "current_key": "AIzaSyBh4VZh4lzWWIvmB3hClQei3hPxHIb8om8"
        }
      ],
      "services": {
        "analytics_service": {
          "status": 1
        },
        "appinvite_service": {
          "status": 2,
          "other_platform_oauth_client": [
            {
              "client_id": "943683122387-1avqgfcjep0mnk70ehc42pm3dh3mick6.apps.googleusercontent.com",
              "client_type": 3
            }
          ]
        },
        "ads_service": {
          "status": 2
        }
      }
    }
  ],
  "configuration_version": "1"
}